{"data_columns": ["distance_travelled(kms)", "age", "CNG + 1", "Diesel", "Hybrid", "Petrol + 1", "brand_enc", "model_enc"], "brand_dict": {"Ford": 1733846.1538461538, "Maruti Suzuki": 597899.3288590604, "Hyundai": 738530.2013422819, "Mahindra": 1178400.0, "Honda": 656678.5714285715, "Mercedes-Benz": 3334560.975609756, "Toyota": 1738913.7931034483, "Volkswagen": 683000.0, "Skoda": 1057285.7142857143, "Renault": 590160.0, "Isuzu": 3000000.0, "BMW": 3127593.220338983, "Jaguar": 4140000.0, "Audi": 2323118.6440677964, "Volvo": 3906250.0, "Land Rover": 5074285.714285715, "Nissan": 372857.14285714284, "MG": 1910625.0, "Tata": 910777.7777777778, "MINI": 3182500.0, "Fiat": 740000.0, "Porsche": 4200000.0, "Jeep": 1875000.0, "Chevrolet": 274200.0, "Kia": 1737250.0, "Datsun": 310000.0, "Mitsubishi": 992500.0, "Lexus": 4495000.0, "Bentley": 8500000.0, "Mahindra-Renault": 185000.0}, "model_dict": {"EcoSport": 728529.4117647059, "Ertiga": 709444.4444444445, "Creta": 1297750.0, "Celerio": 446538.46153846156, "Santro": 254166.66666666666, "Scorpio": 1258333.3333333333, "Wagon": 366923.07692307694, "City": 690589.7435897436, "Swift": 520218.75, "GLE": 5025000.0, "Fortuner": 2421500.0, "Vento": 597800.0, "M-Class": 2104000.0, "Innova": 1603363.6363636365, "GL": 2525000.0, "Ciaz": 779000.0, "E-Class": 2889352.9411764704, "Endeavour": 2413076.923076923, "Rapid": 783000.0, "Elite": 617150.0, "Amaze": 558888.8888888889, "Brio": 339545.45454545453, "Kwid": 420625.0, "Mustang": 7200000.0, "i10": 311875.0, "Alto": 353888.8888888889, "Estilo": 215000.0, "Duster": 695363.6363636364, "Eeco": 435000.0, "Grand": 499000.0, "MU-X": 3000000.0, "5": 2940384.6153846155, "Corolla": 692500.0, "Passat": 632500.0, "Vitara": 875700.0, "F-Pace": 4625000.0, "Jazz": 689444.4444444445, "A4": 1756875.0, "Polo": 641111.1111111111, "CLA": 2957100.0, "6": 6000000.0, "i20": 540357.1428571428, "XC60": 5600000.0, "CR-V": 902375.0, "Verna": 737000.0, "Q7": 2990588.2352941176, "S-Cross": 888333.3333333334, "S-Class": 4649000.0, "Ritz": 351250.0, "Camry": 1651000.0000000002, "Evoque": 3700000.0, "Sunny": 346666.6666666667, "WR-V": 756333.3333333334, "Lodgy": 630000.0, "SX4": 294750.0, "Hector": 1910625.0, "Q5": 1534800.0, "XUV500": 1241428.5714285714, "3": 2079545.4545454546, "Hexa": 1345000.0, "Micra": 392500.0, "Cooper": 3166666.6666666665, "7": 4633333.333333333, "XC90": 4450000.0, "Figo": 325000.0, "Xcent": 524000.0, "A3": 2175000.0, "Avventura": 740000.0, "Eon": 317500.0, "GLA": 2362250.0, "Thar": 1336200.0, "Safari": 1594500.0, "GLC": 4798000.0, "Baleno": 691583.3333333334, "C-Class": 2103000.0, "Pulse": 400000.0, "Bolero": 665000.0, "Alturas": 2700000.0, "X5": 4000000.0, "Elantra": 675000.0, "Yeti": 675000.0, "Jetta": 680000.0, "Q3": 2210833.3333333335, "XJ": 7175000.0, "Dzire": 788333.3333333334, "Superb": 2358333.3333333335, "A6": 2001363.6363636365, "X3": 2045666.6666666667, "XF": 2023333.3333333333, "Fiesta": 290000.0, "X1": 2445818.1818181816, "Cayenne": 4200000.0, "Compass": 1875000.0, "Beat": 160333.33333333334, "Enjoy": 485000.0, "Etios": 445833.3333333333, "BR-V": 991666.6666666666, "A-Class": 1325000.0, "Laura": 625000.0, "Z4": 3875000.0, "KUV100": 575000.0, "Seltos": 1737250.0, "Harrier": 1650000.0, "Tiago": 461666.6666666667, "XE": 3795000.0, "Aria": 425000.0, "Fluidic": 699000.0, "S90": 4325000.0, "S60": 3175000.0, "A8": 3625000.0, "Countryman": 3198333.3333333335, "Civic": 345000.0, "Tucson": 2065000.0, "CLS": 3700000.0, "Captur": 1050000.0, "XUV300": 1157500.0, "Glanza": 750000.0, "Fabia": 250000.0, "Indica": 190000.0, "XL6": 1150000.0, "Cruze": 405000.0, "Discovery": 4163333.3333333335, "Nexon": 883333.3333333334, "GLS": 6200000.0, "G-Class": 14000000.0, "redi-GO": 310000.0, "Outlander": 572500.0, "TUV300": 810000.0, "NX": 5200000.0, "Land": 14500000.0, "Cross": 577500.0, "Octavia": 1699500.0, "Ameo": 535000.0, "A-Star": 262500.0, "Zest": 495000.0, "SLK": 3750000.0, "Sport": 12300000.0, "Pajero": 1412500.0, "Continental": 8500000.0, "Altroz": 815000.0, "Ignis": 467500.0, "3.0": 14700000.0, "Accord": 450000.0, "Tiguan": 2900000.0, "X4": 6800000.0, "Nano": 215000.0, "V40": 1750000.0, "Venue": 1050000.0, "Aspire": 675000.0, "B-Class": 1050000.0, "Quanto": 450000.0, "ES": 3790000.0, "Logan": 185000.0, "Freelander": 1950000.0}, "brands": ["Honda", "Nissan", "Toyota", "Mercedes-Benz", "Hyundai", "Maruti Suzuki", "Renault", "Volkswagen", "Skoda", "BMW", "Tata", "Audi", "Bentley", "Ford", "Mahindra", "Jaguar", "Lamborghini", "MINI", "Land Rover", "Chevrolet", "Datsun", "Jeep", "Porsche", "Volvo", "MG", "Lexus", "Mitsubishi", "Kia", "Fiat", "Isuzu", "Mahindra-Renault"], "models": ["Brio", "Sunny", "Fortuner", "E-Class", "Verna", "i20", "Glanza", "GLE", "Grand", "Swift", "Xcent", "Innova", "Baleno", "Pulse", "Corolla", "Polo", "WR-V", "Ritz", "Rapid", "City", "Celerio", "3", "Vento", "Jazz", "Nano", "GLA", "A-Star", "Q5", "X1", "Z4", "A3", "A4", "X3", "Continental", "Q3", "Q7", "A6", "7", "Endeavour", "XUV500", "F-Pace", "XE", "Gallardo", "Countryman", "C-Class", "Evoque", "S-Class", "Lodgy", "CLA", "Creta", "A8", "B-Class", "A-Class", "5", "Cooper", "Terrano", "CR-V", "Freelander", "Ciaz", "Beat", "KUV100", "Duster", "redi-GO", "Tiago", "Altroz", "TUV300", "Vitara", "Etios", "Figo", "Civic", "Compass", "Elite", "Bolero", "SX4", "Cayenne", "V40", "Superb", "Dzire", "i10", "Zest", "BR-V", "S-Cross", "Elantra", "Discovery", "Accord", "Scorpio", "X5", "Estilo", "XF", "Santro", "6", "GO", "Passat", "Jetta", "Safari", "EcoSport", "Kwid", "Hector", "Wagon", "Mustang", "SLK", "X7", "718", "Aria", "3.0", "Land", "GLC", "NX", "Thar", "ES", "GLS", "Ertiga", "Ameo", "Sport", "Harrier", "Outlander", "Seltos", "Amaze", "Octavia", "M-Class", "GL", "XUV300", "Avventura", "Micra", "Eeco", "Eon", "Fluidic", "Alto", "Cross", "Yaris", "Triber", "Nexon", "Tigor", "Aspire", "Venue", "Freestyle", "4.4", "XL6", "Enjoy", "Verito", "S60", "XC90", "G-Class", "MU-X", "Tiguan", "Sonet", "XJ", "S90", "Tucson", "Indica", "Laura", "Hexa", "Captur", "Yeti", "Quanto", "XC60", "Fiesta", "CLS", "X4", "Ignis", "Alturas", "Fabia", "Pajero", "Cruze", "Camry", "Logan", "Abarth"], "fuel_types": ["Petrol", "Diesel", "Petrol + 1", "CNG + 1", "Hybrid"]}